year,team_name,headcount_cost,cloud_cost,vendor_cost,total_opex
2025,Data Platform,14512333.3333342,3619794.88,2286915.49,20419043.7033342
2025,ML Infrastructure,12898166.6666671,7668335.93,1920250.22,22486752.8166671
2025,Marketplace Platform,17566791.6666645,3090731.06,1476795.17,22134317.8966645
2025,Payments Engineering,13437666.6666658,2576969.97,1459362.92,17473999.5566658
2025,Security Engineering,12881375.0,1710680.78,1802731.51,16394787.29
2026,Data Platform,16259365.4166697,4420721.63,2428415.24,23108502.2866697
2026,ML Infrastructure,15090529.9999987,9365319.24,2089204.6,26545053.8399987
2026,Marketplace Platform,20053756.6666645,3855947.84,1582608.96,25492313.4666645
2026,Payments Engineering,15388457.5,3164970.32,1589788.05,20143215.87
2026,Security Engineering,14893027.5000026,2083296.87,1923309.63,18899634.0000026
