month,team_name,budget_amount,actual_amount,variance_amount,variance_pct
2025-01-01,ML Infrastructure,469800.0,556733.14,86933.14,18.5043
2025-01-01,Data Platform,252000.0,270680.3,18680.3,7.4128
2025-01-01,Payments Engineering,180000.0,188861.5,8861.5,4.9231
2025-01-01,Marketplace Platform,216000.0,225790.35,9790.35,4.5326
2025-01-01,Security Engineering,162000.0,122311.5,-39688.5,-24.4991
2025-02-01,ML Infrastructure,469800.0,583440.56,113640.56,24.1891
2025-02-01,Data Platform,252000.0,287571.24,35571.24,14.1156
2025-02-01,Marketplace Platform,216000.0,240771.1,24771.1,11.4681
2025-02-01,Payments Engineering,180000.0,191752.82,11752.82,6.5293
2025-02-01,Security Engineering,162000.0,127208.88,-34791.12,-21.476
2025-03-01,ML Infrastructure,469800.0,602858.15,133058.15,28.3223
2025-03-01,Marketplace Platform,216000.0,238085.82,22085.82,10.2249
2025-03-01,Payments Engineering,180000.0,188100.7,8100.7,4.5004
2025-03-01,Data Platform,252000.0,258374.88,6374.88,2.5297
2025-03-01,Security Engineering,162000.0,131661.05,-30338.95,-18.7277
2025-04-01,ML Infrastructure,469800.0,606097.09,136297.09,29.0117
2025-04-01,Data Platform,252000.0,266776.44,14776.44,5.8637
2025-04-01,Payments Engineering,180000.0,187838.94,7838.94,4.355
2025-04-01,Marketplace Platform,216000.0,222588.49,6588.49,3.0502
2025-04-01,Security Engineering,162000.0,139475.86,-22524.14,-13.9038
2025-05-01,ML Infrastructure,469800.0,575304.08,105504.08,22.4572
2025-05-01,Data Platform,252000.0,285052.96,33052.96,13.1163
2025-05-01,Payments Engineering,180000.0,198270.59,18270.59,10.1503
2025-05-01,Marketplace Platform,216000.0,234133.93,18133.93,8.3953
2025-05-01,Security Engineering,162000.0,141273.13,-20726.87,-12.7944
2025-06-01,ML Infrastructure,469800.0,604390.72,134590.72,28.6485
2025-06-01,Marketplace Platform,216000.0,251594.11,35594.11,16.4788
2025-06-01,Data Platform,252000.0,287821.28,35821.28,14.2148
2025-06-01,Payments Engineering,180000.0,201313.24,21313.24,11.8407
2025-06-01,Security Engineering,162000.0,132002.04,-29997.96,-18.5173
2025-07-01,ML Infrastructure,469800.0,724794.73,254994.73,54.2773
2025-07-01,Data Platform,252000.0,342579.58,90579.58,35.9443
2025-07-01,Payments Engineering,180000.0,223722.45,43722.45,24.2903
2025-07-01,Marketplace Platform,216000.0,267101.67,51101.67,23.6582
2025-07-01,Security Engineering,162000.0,158114.26,-3885.74,-2.3986
2025-08-01,ML Infrastructure,469800.0,734328.11,264528.11,56.3065
2025-08-01,Payments Engineering,180000.0,248865.1,68865.1,38.2584
2025-08-01,Data Platform,252000.0,330936.26,78936.26,31.3239
2025-08-01,Marketplace Platform,216000.0,271470.27,55470.27,25.6807
2025-08-01,Security Engineering,162000.0,163161.56,1161.56,0.717
2025-09-01,ML Infrastructure,469800.0,700096.14,230296.14,49.02
2025-09-01,Data Platform,252000.0,355079.46,103079.46,40.9045
2025-09-01,Marketplace Platform,216000.0,300625.57,84625.57,39.1785
2025-09-01,Payments Engineering,180000.0,247515.86,67515.86,37.5088
2025-09-01,Security Engineering,162000.0,148967.26,-13032.74,-8.0449
2025-10-01,ML Infrastructure,469800.0,627951.47,158151.47,33.6636
2025-10-01,Payments Engineering,180000.0,236866.65,56866.65,31.5926
2025-10-01,Marketplace Platform,216000.0,271863.59,55863.59,25.8628
2025-10-01,Data Platform,252000.0,299798.27,47798.27,18.9676
2025-10-01,Security Engineering,162000.0,144707.79,-17292.21,-10.6742
2025-11-01,ML Infrastructure,469800.0,673492.93,203692.93,43.3574
2025-11-01,Marketplace Platform,216000.0,276359.14,60359.14,27.944
2025-11-01,Data Platform,252000.0,318636.93,66636.93,26.4432
2025-11-01,Payments Engineering,180000.0,226935.53,46935.53,26.0753
2025-11-01,Security Engineering,162000.0,144352.49,-17647.51,-10.8935
2025-12-01,ML Infrastructure,469800.0,678848.81,209048.81,44.4974
2025-12-01,Marketplace Platform,216000.0,290347.02,74347.02,34.4199
2025-12-01,Payments Engineering,180000.0,236926.59,56926.59,31.6259
2025-12-01,Data Platform,252000.0,316487.28,64487.28,25.5902
2025-12-01,Security Engineering,162000.0,157444.96,-4555.04,-2.8118
2026-01-01,ML Infrastructure,497988.0,697476.88,199488.88,40.059
2026-01-01,Marketplace Platform,228960.0,294980.55,66020.55,28.835
2026-01-01,Payments Engineering,190800.0,235065.46,44265.46,23.1999
2026-01-01,Data Platform,267120.0,315953.6,48833.6,18.2815
2026-01-01,Security Engineering,171720.0,150231.3,-21488.7,-12.5138
2026-02-01,ML Infrastructure,497988.0,721654.56,223666.56,44.914
2026-02-01,Marketplace Platform,228960.0,291861.59,62901.59,27.4727
2026-02-01,Data Platform,267120.0,336350.52,69230.52,25.9174
2026-02-01,Payments Engineering,190800.0,236765.4,45965.4,24.0909
2026-02-01,Security Engineering,171720.0,163726.1,-7993.9,-4.6552
2026-03-01,ML Infrastructure,497988.0,714700.19,216712.19,43.5176
2026-03-01,Data Platform,267120.0,352332.42,85212.42,31.9004
2026-03-01,Marketplace Platform,228960.0,283223.99,54263.99,23.7002
2026-03-01,Payments Engineering,190800.0,232938.9,42138.9,22.0854
2026-03-01,Security Engineering,171720.0,154005.01,-17714.99,-10.3162
2026-04-01,ML Infrastructure,497988.0,742264.31,244276.31,49.0526
2026-04-01,Payments Engineering,190800.0,265085.23,74285.23,38.9336
2026-04-01,Marketplace Platform,228960.0,306405.68,77445.68,33.825
2026-04-01,Data Platform,267120.0,336552.89,69432.89,25.9931
2026-04-01,Security Engineering,171720.0,170071.35,-1648.65,-0.9601
2026-05-01,ML Infrastructure,497988.0,729666.52,231678.52,46.5229
2026-05-01,Marketplace Platform,228960.0,307553.78,78593.78,34.3264
2026-05-01,Data Platform,267120.0,345391.6,78271.6,29.302
2026-05-01,Payments Engineering,190800.0,242806.4,52006.4,27.257
2026-05-01,Security Engineering,171720.0,165558.09,-6161.91,-3.5883
2026-06-01,ML Infrastructure,497988.0,727582.23,229594.23,46.1044
2026-06-01,Marketplace Platform,228960.0,301189.23,72229.23,31.5467
2026-06-01,Payments Engineering,190800.0,246913.59,56113.59,29.4096
2026-06-01,Data Platform,267120.0,343238.28,76118.28,28.4959
2026-06-01,Security Engineering,171720.0,173453.86,1733.86,1.0097
2026-07-01,ML Infrastructure,497988.0,839460.33,341472.33,68.5704
2026-07-01,Payments Engineering,190800.0,296220.41,105420.41,55.2518
2026-07-01,Marketplace Platform,228960.0,346172.53,117212.53,51.1935
2026-07-01,Data Platform,267120.0,395517.93,128397.93,48.0675
2026-07-01,Security Engineering,171720.0,202473.69,30753.69,17.9092
2026-08-01,ML Infrastructure,497988.0,876665.22,378677.22,76.0414
2026-08-01,Data Platform,267120.0,419709.8,152589.8,57.1241
2026-08-01,Payments Engineering,190800.0,289561.69,98761.69,51.7619
2026-08-01,Marketplace Platform,228960.0,345396.97,116436.97,50.8547
2026-08-01,Security Engineering,171720.0,191430.0,19710.0,11.478
2026-09-01,ML Infrastructure,497988.0,887518.67,389530.67,78.2209
2026-09-01,Marketplace Platform,228960.0,383898.22,154938.22,67.6704
2026-09-01,Data Platform,267120.0,427486.5,160366.5,60.0354
2026-09-01,Payments Engineering,190800.0,292098.97,101298.97,53.0917
2026-09-01,Security Engineering,171720.0,199652.39,27932.39,16.2662
2026-10-01,ML Infrastructure,497988.0,760409.24,262421.24,52.6963
2026-10-01,Marketplace Platform,228960.0,331354.66,102394.66,44.7216
2026-10-01,Data Platform,267120.0,375646.31,108526.31,40.6283
2026-10-01,Payments Engineering,190800.0,259760.6,68960.6,36.1429
2026-10-01,Security Engineering,171720.0,168230.46,-3489.54,-2.0321
2026-11-01,ML Infrastructure,497988.0,799221.47,301233.47,60.4901
2026-11-01,Payments Engineering,190800.0,284201.02,93401.02,48.9523
2026-11-01,Marketplace Platform,228960.0,339116.2,110156.2,48.1115
2026-11-01,Data Platform,267120.0,380119.23,112999.23,42.3028
2026-11-01,Security Engineering,171720.0,172735.0,1015.0,0.5911
2026-12-01,ML Infrastructure,497988.0,868699.62,370711.62,74.4419
2026-12-01,Payments Engineering,190800.0,283552.65,92752.65,48.6125
2026-12-01,Data Platform,267120.0,392422.55,125302.55,46.9087
2026-12-01,Marketplace Platform,228960.0,324794.44,95834.44,41.8564
2026-12-01,Security Engineering,171720.0,171729.62,9.62,0.0056
