month,Base,Cost Reduction,High Growth,Savings_vs_Base,High_Growth_Increment,Savings_pct,year
2025-01-01,8045325.0,7352210.94,9167764.37,693114.0599999996,1122439.3699999992,8.61511573491437,2025
2025-02-01,8109687.6,7381619.78,9296113.07,728067.8199999994,1186425.4700000007,8.977754210902026,2025
2025-03-01,8174565.1,7411146.23,9426258.63,763418.8699999992,1251693.5300000012,9.338953946308399,2025
2025-04-01,8239961.64,7440790.87,9558226.27,799170.7699999996,1318264.63,9.698719544039038,2025
2025-05-01,8305881.26,7470554.0,9692041.43,835327.2599999998,1386160.17,10.057057569830945,2025
2025-06-01,8372328.39,7500436.22,9827730.07,871892.1699999999,1455401.6800000006,10.413974815433631,2025
2025-07-01,8543381.6,7614498.96,10083950.35,928882.6399999997,1540568.75,10.872540681081128,2025
2025-08-01,8611728.68,7644957.01,10225125.67,966771.6699999999,1613396.9900000002,11.226220726684575,2025
2025-09-01,8680622.53,7675536.81,10368277.35,1005085.7199999997,1687654.8200000003,11.578498161006891,2025
2025-10-01,8643475.01,7621165.17,10389748.57,1022309.8399999999,1746273.5600000005,11.827532778393488,2025
2025-11-01,8712622.81,7651649.81,10535205.03,1060973.000000001,1822582.2199999988,12.177423757886759,2025
2025-12-01,8782323.82,7682256.42,10682697.92,1100067.4000000004,1900374.0999999996,12.525926196148848,2025
2026-01-01,8882291.54,7739610.86,10867347.99,1142680.6799999988,1985056.4500000011,12.864705857200438,2026
2026-02-01,8953349.92,7770569.34,11019490.84,1182780.58,2066140.92,13.210480887806069,2026
2026-03-01,9024976.7,7801651.6,11173763.75,1223325.0999999996,2148787.0500000007,13.554883748342528,2026
2026-04-01,9097176.54,7832858.17,11330196.42,1264318.3699999992,2233019.880000001,13.897920573936663,2026
2026-05-01,9169953.86,7864189.66,11488819.15,1305764.1999999993,2318865.290000001,14.239594003802319,2026
2026-06-01,9243313.55,7895646.41,11649662.63,1347667.1400000006,2406349.08,14.579913715033507,2026
2026-07-01,9431777.41,8015414.86,11952928.75,1416362.5499999998,2521151.34,15.01692086688038,2026
2026-08-01,9507231.63,8047476.46,12120269.72,1459755.1700000009,2613038.09,15.354155939503503,2026
2026-09-01,9583289.45,8079666.38,12289953.51,1503623.0699999994,2706664.0600000005,15.690051707662859,2026
2026-10-01,9542667.95,8022736.69,12315872.07,1519931.2599999988,2773204.120000001,15.927739160199941,2026
2026-11-01,9619009.33,8054827.68,12488294.31,1564181.6500000004,2869284.9800000004,16.261359110252577,2026
2026-12-01,9695961.4,8087046.96,12663130.36,1608914.4400000004,2967168.959999999,16.593655581178368,2026
