month,team_name,monthly_headcount_cost
2025-01-01,Marketplace Platform,1485250.0
2025-01-01,Data Platform,1165666.6666658
2025-01-01,Payments Engineering,1111500.0
2025-01-01,ML Infrastructure,1073583.3333342
2025-01-01,Security Engineering,1061125.0
2025-02-01,Marketplace Platform,1416458.3333329
2025-02-01,Data Platform,1160250.0
2025-02-01,Payments Engineering,1108250.0
2025-02-01,Security Engineering,1040000.0
2025-02-01,ML Infrastructure,1029166.6666671
2025-03-01,Marketplace Platform,1439750.0
2025-03-01,Data Platform,1161333.3333329
2025-03-01,Payments Engineering,1085500.0
2025-03-01,Security Engineering,1040000.0
2025-03-01,ML Infrastructure,1024833.3333329
2025-04-01,Marketplace Platform,1437583.3333329
2025-04-01,Data Platform,1191125.0
2025-04-01,Payments Engineering,1087666.6666671
2025-04-01,Security Engineering,1040000.0
2025-04-01,ML Infrastructure,1029708.3333329
2025-05-01,Marketplace Platform,1437583.3333329
2025-05-01,Data Platform,1165666.6666658
2025-05-01,Payments Engineering,1108250.0
2025-05-01,Security Engineering,1087125.0
2025-05-01,ML Infrastructure,1056249.9999987
2025-06-01,Marketplace Platform,1460875.0
2025-06-01,Data Platform,1192208.3333342
2025-06-01,Payments Engineering,1059500.0
2025-06-01,Security Engineering,1018875.0
2025-06-01,ML Infrastructure,980958.3333329
2025-07-01,Marketplace Platform,1482000.0
2025-07-01,Data Platform,1252333.3333342
2025-07-01,Payments Engineering,1128833.3333329
2025-07-01,Security Engineering,1081708.3333329
2025-07-01,ML Infrastructure,1073041.6666671
2025-08-01,Marketplace Platform,1485250.0
2025-08-01,Data Platform,1253416.6666671
2025-08-01,Payments Engineering,1175416.6666671
2025-08-01,ML Infrastructure,1121249.9999987
2025-08-01,Security Engineering,1087125.0
2025-09-01,Marketplace Platform,1482000.0
2025-09-01,Data Platform,1277791.6666671
2025-09-01,Payments Engineering,1177583.3333329
2025-09-01,ML Infrastructure,1170541.6666671
2025-09-01,Security Engineering,1128291.6666671
2025-10-01,Marketplace Platform,1511791.6666658
2025-10-01,Data Platform,1252333.3333342
2025-10-01,Payments Engineering,1154833.3333329
2025-10-01,ML Infrastructure,1121791.6666671
2025-10-01,Security Engineering,1107708.3333329
2025-11-01,Marketplace Platform,1464125.0
2025-11-01,Data Platform,1227958.3333329
2025-11-01,Security Engineering,1108250.0
2025-11-01,ML Infrastructure,1095250.0000013
2025-11-01,Payments Engineering,1085500.0
2025-12-01,Marketplace Platform,1464125.0
2025-12-01,Data Platform,1212250.0
2025-12-01,Payments Engineering,1154833.3333329
2025-12-01,ML Infrastructure,1121791.6666671
2025-12-01,Security Engineering,1081166.6666671
2026-01-01,Marketplace Platform,1626885.0
2026-01-01,Data Platform,1310546.25
2026-01-01,ML Infrastructure,1255312.5
2026-01-01,Payments Engineering,1216258.3333329
2026-01-01,Security Engineering,1210679.1666671
2026-02-01,Marketplace Platform,1648643.75
2026-02-01,Data Platform,1289903.3333342
2026-02-01,ML Infrastructure,1255312.5
2026-02-01,Payments Engineering,1237459.1666671
2026-02-01,Security Engineering,1210679.1666671
2026-03-01,Marketplace Platform,1626885.0
2026-03-01,Data Platform,1311662.0833342
2026-03-01,Payments Engineering,1260891.6666671
2026-03-01,Security Engineering,1183899.1666671
2026-03-01,ML Infrastructure,1177762.0833329
2026-04-01,Marketplace Platform,1626885.0
2026-04-01,Data Platform,1317241.25
2026-04-01,Security Engineering,1258660.0
2026-04-01,Payments Engineering,1239690.8333329
2026-04-01,ML Infrastructure,1177762.0833329
2026-05-01,Marketplace Platform,1626885.0
2026-05-01,Data Platform,1316125.4166671
2026-05-01,Payments Engineering,1210679.1666671
2026-05-01,ML Infrastructure,1205657.9166671
2026-05-01,Security Engineering,1183899.1666671
2026-06-01,Marketplace Platform,1626885.0
2026-06-01,Data Platform,1333420.8333342
2026-06-01,Payments Engineering,1257544.1666671
2026-06-01,Security Engineering,1210121.25
2026-06-01,ML Infrastructure,1205657.9166671
2026-07-01,Marketplace Platform,1699972.0833329
2026-07-01,Data Platform,1427150.8333329
2026-07-01,ML Infrastructure,1327841.6666658
2026-07-01,Payments Engineering,1282092.5
2026-07-01,Security Engineering,1231880.0
2026-08-01,Marketplace Platform,1699972.0833329
2026-08-01,Payments Engineering,1376938.3333329
2026-08-01,Data Platform,1364106.25
2026-08-01,ML Infrastructure,1350158.3333329
2026-08-01,Security Engineering,1253638.75
2026-09-01,Marketplace Platform,1721730.8333329
2026-09-01,Data Platform,1412087.0833342
2026-09-01,Payments Engineering,1356853.3333329
2026-09-01,ML Infrastructure,1301061.6666671
2026-09-01,Security Engineering,1259217.9166671
2026-10-01,Marketplace Platform,1699972.0833329
2026-10-01,Data Platform,1380285.8333329
2026-10-01,Payments Engineering,1332305.0
2026-10-01,Security Engineering,1302177.5
2026-10-01,ML Infrastructure,1255312.5
2026-11-01,Marketplace Platform,1721730.8333329
2026-11-01,Data Platform,1412087.0833342
2026-11-01,Payments Engineering,1308872.5
2026-11-01,Security Engineering,1280418.75
2026-11-01,ML Infrastructure,1278187.0833329
2026-12-01,Marketplace Platform,1727310.0
2026-12-01,Data Platform,1384749.1666658
2026-12-01,Payments Engineering,1308872.5
2026-12-01,Security Engineering,1307756.6666671
2026-12-01,ML Infrastructure,1300503.75
